grid_lat,grid_lon,pcell_cid,pcell_freq,scell_1_cid,scell_1_freq,scell_2_cid,scell_2_freq,scell_3_cid,scell_3_freq,seconds_since_epoch,throughput,past_seconds_since_rrc_request,pcell_rsrp,pcell_rsrq,scell_1_rsrp,scell_1_rsrq,scell_2_rsrp,scell_2_rsrq,scell_3_rsrp,scell_3_rsrq,pcell_tbs,scell_1_tbs,scell_2_tbs,scell_3_tbs,pcell_max_nRB,scell_1_max_nRB,scell_2_max_nRB,scell_3_max_nRB,pcell_sum_nRB,scell_1_sum_nRB,scell_2_sum_nRB,scell_3_sum_nRB,pcell_mcs,scell_1_mcs,scell_2_mcs,scell_3_mcs,pcell_snr,scell_1_snr,scell_2_snr,scell_3_snr
40.453,-86.916,373,5035,418,976,None,None,None,None,1583966107,18.299008,4,-85.8125,-12.1875,-84.125,-10.375,None,None,None,None,8.56876,11.698752,0.0,0.0,20,20,0,0,15586,22798,0,0,17.4645714286,16.3666154634,None,None,19.2999992371,8.39999961853,None,None
40.453,-86.916,373,5035,418,976,None,None,None,None,1583966108,18.69504,5,-83.25,-11.5625,-84.6875,-9.75,None,None,None,None,6.805384,10.22096,0.0,0.0,25,23,0,0,12820,21730,0,0,16.9054834055,15.0909090909,None,None,20.0,15.1999998093,None,None
40.453,-86.916,373,5035,418,976,None,None,None,None,1583966109,16.959488,6,-85.1875,-10.875,-86.4375,-10.125,None,None,None,None,7.411472,9.972848,0.0,0.0,23,23,0,0,14075,22238,0,0,16.7583617747,14.4148494289,None,None,17.5,14.6000003815,None,None
40.453,-86.916,373,5035,418,976,None,None,None,None,1583966110,14.50176,7,-87.8125,-11.5,-90.6875,-9.875,None,None,None,None,12.480656,11.351952,0.0,0.0,25,25,0,0,20611,20636,0,0,18.9911452184,17.2284527518,None,None,19.5,14.3999996185,None,None
40.453,-86.916,373,5035,418,976,None,None,None,None,1583966111,19.370624,8,-86.5625,-11.0625,-90.6875,-9.5625,None,None,None,None,15.390104,11.017936,0.0,0.0,25,25,0,0,24614,20690,0,0,19.7018255578,16.9534643226,None,None,18.3999996185,15.3000001907,None,None
40.453,-86.916,373,5035,418,976,None,None,None,None,1583966112,21.89824,9,-85.6875,-11.9375,-87.625,-10.1875,None,None,None,None,9.305432,10.650608,0.0,0.0,23,19,0,0,15242,19152,0,0,19.2156983931,17.5779022403,None,None,14.8999996185,15.6999998093,None,None
