grid_lat,grid_lon,pcell_cid,pcell_freq,scell_1_cid,scell_1_freq,scell_2_cid,scell_2_freq,scell_3_cid,scell_3_freq,seconds_since_epoch,throughput,past_seconds_since_rrc_request,pcell_rsrp,pcell_rsrq,scell_1_rsrp,scell_1_rsrq,scell_2_rsrp,scell_2_rsrq,scell_3_rsrp,scell_3_rsrq,pcell_tbs,scell_1_tbs,scell_2_tbs,scell_3_tbs,pcell_max_nRB,scell_1_max_nRB,scell_2_max_nRB,scell_3_max_nRB,pcell_sum_nRB,scell_1_sum_nRB,scell_2_sum_nRB,scell_3_sum_nRB,pcell_mcs,scell_1_mcs,scell_2_mcs,scell_3_mcs,pcell_snr,scell_1_snr,scell_2_snr,scell_3_snr
40.4535,-86.924,247,66736,None,None,None,None,None,None,1583887982,4.451008,4,-87.375,-10.75,None,None,None,None,None,None,12.27496,0.0,0.0,0.0,47,0,0,0,31454,0,0,0,12.6375968992,None,None,None,13.1000003815,None,None,None
40.4535,-86.924,247,2250,373,5035,418,976,None,None,1583887983,8.945664,5,-87.375,-10.3125,-78.375,-5.9375,-86.75,-7.0,None,None,0.791976,0.630112,0.473952,0.0,47,25,25,0,2360,864,1486,0,10.9375,22.3333333333,10.6451612903,None,13.1000003815,20.8999996185,14.5,None
40.4535,-86.924,247,2250,373,5035,418,976,None,None,1583887986,30.832256,8,-87.6875,-10.5625,-74.625,-10.75,-84.8125,-9.0625,None,None,22.114744,23.136608,9.607296,0.0,47,25,25,0,51172,30948,28907,0,13.9676470588,23.0346820809,10.6664206642,None,15.6000003815,20.8999996185,12.6000003815,None
40.4535,-86.924,247,2250,373,5035,418,976,None,None,1583887988,48.187776,10,-94.3125,-9.3125,-75.1875,-11.625,-96.3125,-9.875,None,None,25.420024,19.471832,7.172088,0.0,47,25,25,0,57586,34510,22899,0,14.1703601108,17.8596491228,9.91246056782,None,15.6000003815,19.2000007629,15.3000001907,None
40.4535,-86.924,247,2250,373,5035,418,976,None,None,1583887989,46.498816,11,-88.0,-10.0625,-80.75,-10.9375,-90.0625,-9.6875,None,None,24.8834,18.429968,7.01228,0.0,47,25,25,0,52144,32568,22037,0,15.2941176471,17.9732876712,10.3247381144,None,15.8999996185,18.5,12.3999996185,None
40.4535,-86.924,247,2250,373,5035,418,976,None,None,1583887990,46.696832,12,-82.625,-10.125,-79.3125,-11.0625,-87.6875,-10.3125,None,None,23.44676,21.184016,5.729712,0.0,47,25,23,0,45672,30856,15964,0,16.4423868313,21.3321678322,11.8036072144,None,17.6000003815,17.3999996185,14.3000001907,None
40.4535,-86.924,247,2250,373,5035,418,976,None,None,1583888000,45.741696,22,-84.8125,-10.125,-78.6875,-12.9375,-87.5,-10.4375,None,None,16.053872,6.815488,5.061536,0.0,47,25,25,0,32434,12794,12586,0,15.935745938,16.7897435897,13.1640866873,None,14.3000001907,17.5,14.6999998093,None
